material_id,化学式,元素,形成能_eV,稳定性_eV,带隙_eV,密度_g_cm3,晶胞体积
mp-2646975,AlO3,"Al,O",-1.75555447125,0.38603990874999994,2.3217,3.0364807537972176,82.00729424483205
mp-1096799,AlO2,"Al,O",-2.56020288,0.2952562933333347,0.0,3.340373642782068,58.63964155929608
mp-1182858,AlO2,"Al,O",-2.6712326983333328,0.1842264750000009,0.2939000000000007,3.623918313889838,54.05152548171234
mp-1182868,AlO3,"Al,O",-1.4866386150000004,0.6549557649999995,0.0,2.4325324471965803,102.3680366247112
mp-1182869,AlO2,"Al,O",-2.6263578233333327,0.22910135000000142,0.13690000000000024,2.994620406622458,130.8201284234123
mp-1182877,AlO3,"Al,O",-1.2630122512500002,0.8785821287499997,0.0,2.1067506272154466,118.19793355160706
mp-1182886,AlO3,"Al,O",-1.4760469203125002,0.6655474596874997,0.0,2.2114788391097546,450.401905262019
mp-1182887,AlO3,"Al,O",-1.4615298550000002,0.6800645249999997,0.0,2.173254672414237,229.1618868292065
mp-1182900,AlO2,"Al,O",-2.4995466675,0.35591250583333434,0.0,3.1918606132211877,122.73613219543603
mp-1182911,AlO3,"Al,O",-1.2310070912500004,0.9105872887499995,0.0,2.322790920922827,428.81788180313146
mp-1182915,AlO3,"Al,O",-1.2797466865625005,0.8618476934374995,0.0,2.1177914007627243,470.32690860060234
mp-1205393,AlO3,"Al,O",-1.4619057724999998,0.6796886075000002,0.0,2.221926172715329,224.14207429863265
mp-1253219,AlO3,"Al,O",-1.5877348612500004,0.5538595187499995,0.0,2.4465241973486687,101.7825905483695
mp-8023,AlO,"Al,O",-1.5521156375,1.3033435358333332,0.0,3.1824419214134223,22.426655230978525
mp-35200,AlO3,"Al,O",-1.58718572,0.55440866,0.0,2.454863477862166,101.4368305573852
mp-734251,AlO2,"Al,O",-2.420181035,0.4352781383333344,1.0833,2.954941254211957,132.5767900175049
mp-2352722,Al2O3,"Al,O",-3.2293030016666675,0.19724800633333306,4.7728,2.5169199862349143,201.80699255464478
mp-2637304,Al2O3,"Al,O",-2.643370957000001,0.7831800509999995,1.4387000000000008,2.6197029090986796,129.25945435990988
mp-776475,Al2O3,"Al,O",-3.3915165632500015,0.03503444474999906,5.2156,3.8747979340135696,349.56286689707736
mp-776490,Al2O3,"Al,O",-3.3802034312500004,0.046347576749999675,5.4415000000000004,4.040220639524978,335.2503725192363
mp-782035,Al2O3,"Al,O",-3.3364730753333345,0.09007793266666653,4.662399999999999,3.6316362464047662,279.7262822924992
mp-985587,Al2O3,"Al,O",-3.2164927756666675,0.2100582323333331,4.8041,1.6218074261807272,313.18888095049596
mp-1105018,Al2O3,"Al,O",-2.5558776310000004,0.8706733770000001,0.23380000000000045,3.4478512032737285,98.21229184532196
mp-1182923,Al2O3,"Al,O",-3.3306303309999996,0.09592067700000051,4.5868,2.8568508612855514,118.52959256780665
mp-1228448,Al2O3,"Al,O",-3.183729795,0.24282121300000004,2.286,2.8346766948744935,59.72839322865999
mp-1244868,Al2O3,"Al,O",-3.2109080885999997,0.21564291940000047,3.5103000000000004,3.0116558892657976,1124.3693870275313
mp-1244874,Al2O3,"Al,O",-3.1870872500000003,0.2394637580000003,3.626,3.065754474647376,1104.5286614288063
mp-1244878,Al2O3,"Al,O",-3.2216138391999998,0.2049371687999999,3.4995000000000003,3.0370899703142094,1114.9533662979734
mp-1244887,Al2O3,"Al,O",-3.2081808543000006,0.21837015369999957,4.003399999999999,3.1417327952657628,1077.8172132443224
mp-1244892,Al2O3,"Al,O",-3.1800395577000002,0.24651145029999988,3.6741,3.1204903717892787,1085.1543452159399
mp-1244898,Al2O3,"Al,O",-3.1968422100000002,0.22970879799999988,3.6405000000000003,3.221324248208888,1051.1868490216198
mp-1244909,Al2O3,"Al,O",-3.2550888872000003,0.17146212080000023,3.8764000000000003,3.1227488136713237,1084.3695372893499
mp-1244918,Al2O3,"Al,O",-3.1401820137,0.28636899430000007,3.4320999999999997,3.0093249837567555,1125.240279607285
mp-1244928,Al2O3,"Al,O",-3.1929039603000007,0.2336470476999999,3.1895999999999995,2.979574210262377,1136.475699946891
mp-1244930,Al2O3,"Al,O",-3.2444538308,0.18209717720000018,3.8784,3.1200245344756694,1085.316364898619
mp-1244937,Al2O3,"Al,O",-3.2125296453000005,0.2140213626999996,3.7137999999999995,3.0283130192576397,1118.1848324852942
mp-1244940,Al2O3,"Al,O",-3.2373862449000006,0.18916476309999997,3.7617000000000003,3.138967693779953,1078.7666572235257
mp-1244947,Al2O3,"Al,O",-3.2580014087,0.16854959930000035,4.084,3.1233754935056255,1084.151967380332
mp-1244954,Al2O3,"Al,O",-3.232377540400001,0.19417346759999976,3.5223999999999993,3.0220341391702243,1120.508085021637
mp-1244967,Al2O3,"Al,O",-3.2549415863000006,0.1716094216999995,3.9432,3.083351350988295,1098.2250482308057
mp-1244970,Al2O3,"Al,O",-3.1858494338999996,0.24070157410000004,3.3243,3.0521672091326186,1109.44566733418
mp-1244981,Al2O3,"Al,O",-2.9921398198,0.43441118820000035,2.0628,3.037864871797658,1114.6689629245575
mp-1244982,Al2O3,"Al,O",-3.2326357624999997,0.1939152455000004,3.8673,3.037986416392811,1114.6243669424632
mp-1244992,Al2O3,"Al,O",-3.2199819437,0.2065690643,2.9973,3.126775577352322,1082.9730507934323
mp-1244994,Al2O3,"Al,O",-3.1877128613999997,0.2388381466000009,3.7363000000000004,3.038875862431403,1114.2981284672587
mp-1244997,Al2O3,"Al,O",-3.1556834878,0.2708675202000004,3.4465,3.0147140017912313,1123.2288317033315
mp-1245008,Al2O3,"Al,O",-3.2066869239,0.21986408410000013,3.8462999999999994,3.0938561845658636,1094.49615112824
mp-1245023,Al2O3,"Al,O",-3.1979182156000006,0.22863279239999912,3.4326,3.071239187792245,1102.5561602663104
mp-1245024,Al2O3,"Al,O",-3.213857208800001,0.2126937991999993,3.9081,3.0642563439051522,1105.068671192234
mp-1245036,Al2O3,"Al,O",-3.1954309741,0.2311200338999999,3.417700000000001,3.0095848218201655,1125.1431299097571
mp-1245037,Al2O3,"Al,O",-3.2347358604000003,0.19181514759999985,3.5907,3.026561510242313,1118.831940038956
mp-1245043,Al2O3,"Al,O",-3.204729117800001,0.22182189019999932,3.2352999999999996,3.0055094806057214,1126.6687754613877
mp-1245052,Al2O3,"Al,O",-3.2347699006,0.19178110740000065,3.7274999999999996,2.9277778482304986,1156.5814968503203
mp-1245055,Al2O3,"Al,O",-3.2096260451000007,0.2169249628999994,3.9786,3.2186283095212653,1052.0673282263215
mp-1245056,Al2O3,"Al,O",-3.2598742618,0.16667674620000028,3.8619000000000003,3.1595663736833752,1071.7336766070346
mp-1245063,Al2O3,"Al,O",-3.2225968457000005,0.20395416229999963,3.859700000000001,3.1442185377533107,1076.965117243805
mp-1245065,Al2O3,"Al,O",-3.2091423195999997,0.21740868839999994,3.1609,3.0712825229747156,1102.5406034192827
mp-1245080,Al2O3,"Al,O",-3.2495555129000007,0.1769954950999999,3.6482,2.9995205004089294,1128.9183340103832
mp-1245081,Al2O3,"Al,O",-3.2254277408000003,0.20112326719999984,3.4702,2.999695448139517,1128.8524934262412
mp-1245104,Al2O3,"Al,O",-3.1606786400000004,0.26587236800000014,3.2726000000000006,3.0158178244782574,1122.8177175249177
mp-1245110,Al2O,"Al,O",-1.7200635674074074,0.18357588148148274,0.0,1.513156167466322,1381.984045297814
mp-1245111,Al2O3,"Al,O",-3.2658538131000006,0.1606971949,3.5496,3.106287401785614,1090.1160286086576
mp-1245173,Al2O3,"Al,O",-3.2726003617,0.15395064630000022,3.8148999999999997,3.046847540598429,1111.3827131260252
mp-1245183,Al2O3,"Al,O",-3.2263669933,0.20018401470000047,3.4985,3.025238792294083,1119.3211242620039
mp-1245191,Al2O3,"Al,O",-3.2487614344000004,0.17778957360000014,3.6453,3.001332099500094,1128.2369207711643
mp-1245196,Al2O3,"Al,O",-3.1945276731000005,0.23202333489999916,3.2057,2.9790587972046274,1136.6723239330026
mp-1245211,Al2O3,"Al,O",-3.3774906677500005,0.04906034024999961,4.9057,3.691950200962556,366.8753370799849
mp-1245215,Al2O,"Al,O",-1.7201258077777781,0.18351364111111135,0.0,1.5179329583364018,1377.6350727467407
mp-1245234,Al2O3,"Al,O",-3.2173836787,0.20916732930000048,3.1106999999999996,3.078078852323382,1100.106218395176
mp-1245237,Al2O3,"Al,O",-3.2080912088999995,0.21845979910000057,3.928,2.90933081546506,1163.9149690889826
mp-1245251,Al2O3,"Al,O",-3.2178144470000003,0.20873656100000026,3.264099999999999,3.2314290883583556,1047.8997352443585
mp-1245254,Al2O3,"Al,O",-3.1881371006,0.2384139074,3.4308000000000005,3.038132281741526,1114.5708521324113
mp-1245262,Al2O3,"Al,O",-3.2663511689,0.16019983910000057,4.0581,3.041938505833649,1113.1762458898363
mp-1245265,Al2O3,"Al,O",-3.1951873612000004,0.2313636468000002,3.3392999999999997,3.0049154266857805,1126.8915111818656
mp-1245279,Al2O3,"Al,O",-3.2329794689,0.19357153910000058,3.4983999999999997,2.97000997123265,1140.1354604699363
mp-1245323,Al2O3,"Al,O",-3.009694923,0.41685608500000004,1.7056999999999993,3.0344871739512387,1115.9097046841077
mp-1247839,Al2O3,"Al,O",-2.885215814250001,0.5413351937499993,1.3845999999999998,3.070219232546418,882.3379517020712
mp-1247845,Al2O3,"Al,O",-2.3327416178000004,1.0938093901999997,0.0,2.5570962407570907,331.0604458466793
mp-1247846,Al2O3,"Al,O",-3.2120829359999994,0.21446807200000073,3.6167000000000007,3.404554000532041,397.8452021172188
mp-1247880,Al2O3,"Al,O",-3.326816953,0.09973405500000077,0.00509999999999966,3.1890604005291894,477.8197862026635
mp-1247896,Al2O3,"Al,O",-3.231849478750001,0.19470152924999962,3.1918999999999995,3.082586752352194,439.3989799077363
mp-1247899,Al2O3,"Al,O",-3.3306254650000007,0.09592554299999989,3.5091,2.45988922651126,137.65716153625908
mp-1247914,Al2O3,"Al,O",-3.333673208000001,0.09287780000000012,3.9999000000000002,2.9299445670721194,346.7178585090572
mp-1359927,Al2O3,"Al,O",-2.4872824964999998,0.9392685115000008,0.9567999999999994,3.2838645849721106,412.4669088546351
mp-1143,Al2O3,"Al,O",-3.4265510080000006,0.0,5.8743,3.8734991245808144,87.42001939959368
mp-1938,Al2O3,"Al,O",-3.3331950944999997,0.09335591350000083,5.3131,3.9530686907205626,171.3207612152271
mp-2254,Al2O3,"Al,O",-3.4057255492500014,0.020825458749999193,4.829699999999999,3.7824052599769464,358.10162617765377
mp-7048,Al2O3,"Al,O",-3.409391490000001,0.017159517999999707,4.460699999999999,3.6263095283394695,93.37905823230228
mp-8022,Al2O,"Al,O",-0.1415348483333331,1.7621046005555563,0.0,2.5206489204927993,46.08949140220282
mp-32570,Al2O3,"Al,O",-3.3870269665000015,0.03952404149999911,5.296100000000001,3.695231826720428,366.5495259773137
mp-32591,Al2O3,"Al,O",-3.369453909125,0.05709709887500036,3.0751999999999997,3.5565843345044934,761.6776924534049
mp-638765,Al2O3,"Al,O",-2.6265864400000005,0.799964568,1.1078000000000001,2.7152933524122203,124.7089447312713
mp-642363,Al2O3,"Al,O",-3.146101382,0.28044962600000023,4.2487,4.015040275162124,84.33822462752025
mp-684591,Al2O3,"Al,O",-3.3011647952500005,0.12538621274999961,3.3432999999999993,3.4825522678543823,388.93471519816154
mp-684677,Al2O3,"Al,O",-3.2653915165000007,0.16115949149999942,3.9762999999999993,3.4774333260640407,389.507244986848
mp-684713,Al2O3,"Al,O",-3.223608216,0.20294279199999998,3.2218999999999998,3.285520964131543,412.258965700645
mp-684990,Al2O3,"Al,O",-3.2317083046666673,0.1948427033333333,3.1115,2.038257906325992,498.39821677748864
mp-685036,Al2O3,"Al,O",-3.3157597132500007,0.11079129474999938,3.2993999999999994,3.5732883588009394,379.0585417279813
mp-723985,Al2O3,"Al,O",-0.8655523580000001,2.56099865,0.0,3.2838645849721106,412.4669088546351
mp-752826,Al2O3,"Al,O",-3.332794542400001,0.0937564655999994,4.0173000000000005,3.4964438844135786,242.11840645052803
mp-754401,Al2O3,"Al,O",-3.3314271510000006,0.09512385699999992,4.2324,2.5834357145520066,131.07404481085925
mp-754531,Al2O3,"Al,O",-3.319276747500002,0.10727426049999877,4.369999999999999,3.228543563638121,209.7672600295253
mp-754624,Al2O3,"Al,O",-3.3518248820000016,0.07472612599999895,5.6671,3.8065985440225014,88.95641731038351
mp-754812,Al2O3,"Al,O",-3.341665016000001,0.08488599199999936,4.205500000000001,3.094645987901551,109.42168181400928
mp-755066,Al2O3,"Al,O",-3.3376221480000003,0.08892886000000022,5.2134,3.5618925874872445,190.13564294708064
mp-755175,Al2O3,"Al,O",-3.3446507790000006,0.08190022899999949,5.4924,3.796290496395147,178.3959204053059
mp-755483,Al2O3,"Al,O",-3.323472524000001,0.1030784839999992,4.0062999999999995,3.7626576031054078,44.99763256902408
mp-759943,Al2O3,"Al,O",-3.3914156911249997,0.03513531687500038,4.069800000000001,3.5745275446343103,757.854266079925
mp-1182893,Al5O8,"Al,O",-3.2314998423076924,0.0632607423076923,0.0,3.5767485196268485,244.1102709698692
mp-1228138,Al5O8,"Al,O",-3.1534142699999994,0.14134631461538572,0.0,3.423949787306056,127.50202318302033
mp-1244893,Al8O3,"Al,O",-1.3896869645454544,0.16783622090909134,0.0,1.2457515153639156,1406.8105005317375
mp-1229215,Al11O18,"Al,O",-3.1316544372413806,0.11766117379310259,0.0,3.061639527546271,634.3399986339136
mp-1245113,Al38O21,"Al,O",-1.8535871412711875,0.17911260923728722,0.0,1.592551353921605,1419.4006116183932
mp-1245250,Al38O21,"Al,O",-1.8460943997457633,0.18660535076271056,0.0,1.6315696844791892,1385.4562188139619
mp-2374583,SiO2,"O,Si",-3.1131829675,0.1596483763888905,5.0006,2.6312563843426218,606.6901160823915
mp-936187,SiO4,"O,Si",0.3754990373333328,2.339197843666666,0.0,2.0362895625081605,225.27383327878908
mp-972808,SiO2,"O,Si",-3.250877761666666,0.016306131666667056,5.5882,2.3004191283391373,173.4854772325664
mp-985570,SiO2,"O,Si",-3.2643508204166665,0.008480523472224277,5.599,2.3577983813543613,338.52708821149986
mp-985590,SiO2,"O,Si",-3.2631102391666666,0.009721104722222762,5.515899999999999,2.122090946812149,376.12837556690044
mp-1021503,SiO2,"O,Si",-2.875695295,0.39713604888889,4.528499999999999,3.616399587026764,55.17771207397914
mp-1071820,SiO2,"O,Si",-2.8303796683333338,0.44245167555555653,4.689299999999999,2.434757208771469,81.95669549248659
mp-1179447,SiO2,"O,Si",-3.249457960833334,0.023373383055556474,6.4741,1.7711175326825737,450.66383562966627
mp-1179454,SiO2,"O,Si",-3.25399227,0.0188390738888895,6.0799,1.9101332163628038,208.93271050213397
mp-1179488,SiO2,"O,Si",-2.172436067619048,1.1003952762698423,0.14189999999999992,1.9717222205042593,1416.8452042344081
mp-1179508,SiO2,"O,Si",-2.9368112555555563,0.3360200883333331,6.088100000000001,3.1290862338775285,95.65635471963952
mp-1179529,SiO2,"O,Si",-3.100148619722223,0.1726827241666662,5.4475999999999996,1.252652426075424,955.7862229154617
mp-1188220,SiO2,"O,Si",-3.256301328333334,0.016530015555556332,5.4517999999999995,1.6886419875287537,354.50614748027886
mp-1195265,SiO2,"O,Si",-3.255179516597223,0.017651827291667033,5.7794,1.7365340535461955,5515.666927461929
mp-1199998,SiO2,"O,Si",-3.2463832864912283,0.026448057397661984,5.5867,1.5139601846520503,2504.259019772263
mp-1200292,SiO2,"O,Si",-3.2569083978819444,0.015922946006945438,5.7076,1.6982994006212775,5639.84386030652
mp-1200685,SiO2,"O,Si",-3.166215164791667,0.1066161790972231,5.6843,1.715003668599166,930.8185577021425
mp-1201738,SiO2,"O,Si",-3.22127844125,0.051552902638890785,5.5295000000000005,2.8045766199971056,1138.3944584555557
mp-1201887,SiO2,"O,Si",-3.2546975126388884,0.01813383125000101,5.5322,1.6525195465704015,1449.0212033247046
mp-1203655,SiO2,"O,Si",-3.2420594160416676,0.030771927847222713,5.4771,1.6630227784237275,2879.7391027423755
mp-1204026,SiO2,"O,Si",-2.961599915972222,0.3112314279166686,4.1957,2.546141584204552,1880.9133606268977
mp-1204057,SiO2,"O,Si",-3.250247887129631,0.02258345675925888,5.6518,1.563004391966636,4596.0252079832
mp-1204070,SiO2,"O,Si",-2.9733567809259274,0.2994745629629634,4.4735,2.869771887922255,625.7995292152056
mp-1205213,SiO2,"O,Si",-3.195442282407409,0.07738906148148139,5.3103,1.7872991803873215,4019.2529960822626
mp-1244945,SiO2,"O,Si",-3.15194057,0.12089077388889002,5.0169999999999995,2.0820942021270126,1437.576563204275
mp-1244965,SiO2,"O,Si",-3.089458676470588,0.18337266741830227,1.5998,2.0641751409489975,1643.3969532820543
mp-1244968,SiO2,"O,Si",-3.0207336975490193,0.25209764633986964,2.9151,2.011112768518672,1686.757297142904
mp-1245026,SiO2,"O,Si",-3.1085520138235294,0.16427933006536044,1.9065000000000003,2.0857732878108113,1626.379605827913
mp-1248957,SiO2,"O,Si",-3.2512514152083334,0.02157992868055736,5.7492,1.6304018583838011,1958.2377596671902
mp-1249090,SiO2,"O,Si",-3.2499334927450976,0.02289785114379228,5.7815,1.4151135114087607,2397.1639803644493
mp-1249332,SiO2,"O,Si",-3.254438631481482,0.01839271240740814,5.665900000000001,1.5679120739539227,2290.8196527728965
mp-1249637,SiO2,"O,Si",-3.25277012922619,0.020061214662700166,5.7045,1.5295459049773563,3652.8817645982786
mp-1249969,SiO2,"O,Si",-3.249235487166667,0.023595856722224084,6.5095,1.609733477424321,1239.613003990601
mp-1250261,SiO2,"O,Si",-3.251426622222222,0.02140472166666818,6.4818999999999996,1.6067296809902027,1117.7374250720209
mp-1250551,SiO2,"O,Si",-3.254659047202381,0.018172296686508105,5.6892,1.804289751542909,6193.29610405414
mp-1250639,SiO2,"O,Si",-3.2579451911388895,0.014886152749999937,5.6677,1.7156107720643832,6978.668765898773
mp-1256499,SiO2,"O,Si",-3.2106825141666673,0.06214882972222213,5.9289000000000005,1.7955349599027108,2667.211628136479
mp-1256614,SiO2,"O,Si",-3.252113257222223,0.02071808666666719,5.760400000000001,1.6457476093178172,2182.475473455134
mp-1257168,SiO2,"O,Si",-3.2441013135555554,0.02873003033333532,5.5917,1.5798091795262081,3789.2802069411478
mp-1258196,SiO2,"O,Si",-3.2604787891176468,0.012352554771242197,5.6532,1.7807076755692732,1905.0061861454426
mp-1265115,SiO2,"O,Si",-3.1413317249999992,0.13149961888889017,5.506200000000001,2.088805192343383,382.12209714694416
mp-1268079,SiO2,"O,Si",-3.2523078253645834,0.020523518524306894,5.6742,1.6058095737083118,3976.454661614391
mp-1353259,SiO2,"O,Si",-3.1026138788888895,0.17021746500000035,5.534728918799781,1.2482126641255813,959.1858545861247
mp-1365799,SiO2,"O,Si",-3.06835828375,0.20447306013888955,5.793,0.5719008336494148,2791.3182624209176
mp-1391176,SiO4,"O,Si",-0.5204082739999999,1.4432905323333332,0.14840138481390758,1.9821640511248029,231.42522191919176
mp-1398433,SiO2,"O,Si",1.3944435333333327,4.667274877222223,0.0,2.033581259998318,196.24950237551354
mp-6922,SiO2,"O,Si",-3.2637548416666684,0.00907650222222145,5.536,2.435363186396876,122.90445400834437
mp-6930,SiO2,"O,Si",-3.2722056394444454,0.0006257044444453186,5.6695,2.6322575685205125,113.71113006405524
mp-6945,SiO2,"O,Si",-3.2674606008333336,0.005370743055555849,5.503699999999999,2.309027516318023,172.83869832405802
mp-6947,SiO2,"O,Si",-3.0711202299999996,0.20171111388889074,5.0156,4.134211700498967,48.26667563572915
mp-7000,SiO2,"O,Si",-3.2728313438888907,0.0,5.678,2.634242418262655,113.6254509687595
mp-7029,SiO2,"O,Si",-3.2675252075000003,0.005306136388890437,5.5081,2.336017323458337,170.84175973661502
mp-7087,SiO2,"O,Si",-3.2536242800000004,0.019207063888890374,5.3696,1.9706992687989644,202.51152300780183
mp-7648,SiO2,"O,Si",-3.2608205575000007,0.012010786388890082,5.424499999999999,2.148979200827146,185.71110886565558
mp-7905,SiO2,"O,Si",-2.8503075149999995,0.42252382888889084,4.7797,2.342949645189757,85.16813648432405
mp-8059,SiO2,"O,Si",-3.26345831625,0.009373027638890363,5.597,2.2473874776811256,355.1584355418974
mp-8352,SiO2,"O,Si",-3.2522801433333335,0.02055120055555726,5.372,1.9707343297772915,101.25396008094606
mp-8602,SiO2,"O,Si",-3.256519518137255,0.016311825751634146,5.5296,1.6747280149618162,2025.558244306005
mp-9258,SiO2,"O,Si",-2.6957873175000002,0.5770440263888901,4.0091,4.415008882327144,90.39377291229376
mp-10064,SiO2,"O,Si",-1.9948878100000005,1.27794353388889,1.7393,4.146372204259828,24.062559428747754
mp-10851,SiO2,"O,Si",-3.263757990555557,0.009073353333333145,5.5362,2.435533950482232,122.89583673299464
mp-10948,SiO2,"O,Si",-3.012992233333333,0.2598391105555571,5.2559,4.216929108859675,94.6397959302569
mp-11684,SiO2,"O,Si",-3.2591054741666667,0.013725869722224004,5.5458,2.905899681230471,274.67521531634554
mp-12350,SiO2,"O,Si",-3.1331678899999993,0.13966345388889145,6.1956,0.8927451746504805,894.0721756823554
mp-12787,SiO2,"O,Si",-3.270059158333334,0.0027721855555569164,5.6273,2.638756646234437,226.86213460666156
mp-15078,SiO2,"O,Si",-3.255250936296297,0.01758040759259316,5.6346,1.7714059441818617,1013.8285367706783
mp-16964,SiO2,"O,Si",-3.2607024966666662,0.012128847222223627,5.6779,1.956706232252907,611.8792444208716
mp-17279,SiO2,"O,Si",-3.252491369375001,0.020339974513889914,5.7151,1.6805139235541446,949.9220559167986
mp-17909,SiO2,"O,Si",-3.251443987222224,0.02138735666666669,5.7313,1.5120982725207326,791.7924070825253
mp-18280,SiO2,"O,Si",-3.2570337502777775,0.015797593611113214,6.5146999999999995,1.7092876121826952,700.448492349192
mp-32667,SiO2,"O,Si",-3.0259527766666667,0.24687856722222357,5.3845,4.195638145622622,142.68007504336956
mp-32761,SiO,"O,Si",-2.0471493825000007,0.40747412541666694,0.0,2.5801999474067014,170.2302929034805
mp-32895,SiO2,"O,Si",-3.2509115556944446,0.02191978819444529,5.7862,1.2925538610264087,3705.123529610678
mp-34150,SiO2,"O,Si",-2.9258573972916664,0.3469739465972239,0.3602000000000001,1.636679902657333,975.3631352517338
mp-530546,SiO2,"O,Si",-3.2556068341975313,0.017224509691358136,5.5611999999999995,1.6368751528507814,3291.457922045618
mp-532105,SiO2,"O,Si",-3.255479562098765,0.017351781790125642,5.558,1.6128370494366637,3340.514586474914
mp-542814,SiO2,"O,Si",-3.265347307499999,0.007484036388891724,5.5103,2.2357112178231136,1071.0398743808114
mp-545488,SiO2,"O,Si",-2.5696693241666666,0.7031620197222237,0.3344999999999998,2.3779010503725755,167.83259768202274
mp-545719,SiO2,"O,Si",-3.1175655958333337,0.15526574805555704,4.8353,2.188688700324228,182.34174200091564
mp-546546,SiO2,"O,Si",-3.231327901666665,0.04150344222222557,5.5604000000000005,2.0893477151957516,143.2585780524745
mp-546794,SiO2,"O,Si",-3.2671838933333333,0.005647450555557043,5.6895999999999995,2.2236128861254056,89.73893630609501
mp-553881,SiO2,"O,Si",-2.906963845833333,0.3658674980555574,3.602,3.062423753943854,130.31812132494207
mp-553945,SiO2,"O,Si",-3.2557651090625,0.01706623482638925,5.6059,1.7080821026103659,1869.180923820624
mp-553993,SiO2,"O,Si",-3.2261988037500005,0.046632540138888956,5.6413,1.554712693898648,1026.7860084529711
mp-554089,SiO2,"O,Si",-3.2660737250000005,0.006757618888888928,5.665800000000001,2.2578720498038316,176.75461740602768
mp-554151,SiO2,"O,Si",-3.2609318675000005,0.011899476388888885,5.7147,2.0908632096703403,190.87298894974714
mp-554175,SiO2,"O,Si",-3.1688811729166666,0.10395017097222414,5.7494,1.624857146007125,982.4600551391235
mp-554243,SiO2,"O,Si",-3.2559250316666675,0.016906312222221942,6.3702,1.8514146589109108,323.3386765039466
mp-554258,SiO2,"O,Si",-3.25519786375,0.017633480138890434,5.4489,1.8024077515419816,885.6804127110838
mp-554267,SiO2,"O,Si",-3.2511889116666666,0.021642432222224173,5.6122000000000005,1.928351744994017,827.8350904618346
mp-554397,SiO2,"O,Si",-2.6095778504166667,0.6632534934722232,0.8752,2.42924853706417,328.57017651816955
mp-554498,SiO2,"O,Si",-2.3819151958333333,0.890916148055557,0.5029000000000001,2.052495757493227,583.3229747606287
mp-554543,SiO2,"O,Si",-3.2514870154166666,0.021344328472222784,5.4402,1.8248092853011744,437.40385752034615
mp-554573,SiO2,"O,Si",-3.265365126666667,0.0074662172222232925,5.6232,2.2062458042303836,180.8906829645195
mp-554665,SiO2,"O,Si",-3.0679138754166666,0.2049174684722228,4.8029,2.117190556733614,376.9989517906709
mp-554682,SiO2,"O,Si",-3.2563146407638888,0.016516703125001087,5.7065,1.6930091848344733,2828.733456780571
mp-554755,SiO2,"O,Si",-3.2494789109375,0.023352432951389446,5.6152,1.4651788999708466,2179.0611935390584
mp-554946,SiO2,"O,Si",-3.255766842777778,0.01706450111111124,5.7187,1.7084841634074466,2803.111568928227
mp-555147,SiO2,"O,Si",-3.1914221316666675,0.08140921222222275,5.3558,2.639877869344921,151.17718700140955
mp-555165,SiO2,"O,Si",-3.2498572618750003,0.022974082013890396,5.6892,2.5155044922413228,634.6071915924107
mp-555211,SiO2,"O,Si",-3.253195799791667,0.019635544097223345,5.6207,1.5479107658428222,1031.2979769154574
mp-555235,SiO2,"O,Si",-3.265922550833333,0.0069087930555564725,5.5109,2.1950237327034943,181.81548762723517
mp-555251,SiO2,"O,Si",-3.255319074166666,0.017512269722223195,5.641,1.8597475365084972,214.59327273211113
mp-555355,SiO2,"O,Si",-2.474478113055556,0.7983532308333343,1.2528,2.253858050320162,531.2082235056669
mp-555394,SiO2,"O,Si",1.5161178562499995,4.788949200138889,4.0687,0.5719008336494148,2791.3182624209176
mp-555411,SiO2,"O,Si",-2.715683043333333,0.5571483005555571,1.6065,2.399480347158499,332.64645054288303
mp-555483,SiO2,"O,Si",-3.2592844341666676,0.013546909722222722,5.5941,2.4353772615719738,163.87165824864348
mp-555497,SiO2,"O,Si",-3.0172265623611114,0.2556047815277793,4.3073999999999995,2.7102967157872717,883.4958356924722
mp-555521,SiO2,"O,Si",-3.2573140737500004,0.015517270138889927,5.5805,1.6989712398893289,1879.2045489402703
mp-555544,SiO2,"O,Si",-3.090083860416667,0.18274748347222314,4.3252999999999995,2.0154250662857365,396.0348781910594
mp-555556,SiO2,"O,Si",-3.256921511875001,0.015909832013889513,5.6138,2.001834016700103,797.4473547466503
mp-555676,SiO2,"O,Si",-3.0182571762499997,0.25457416763889107,4.5916,2.252291924936925,354.38506518289466
mp-555700,SiO2,"O,Si",-3.25534563375,0.017485710138890553,5.484,1.8506983036436861,862.5702190986093
mp-555740,SiO2,"O,Si",-3.2505266166666673,0.022304727222222098,5.5865,2.648581061455718,301.3608426962711
mp-555791,SiO2,"O,Si",-3.2265414217361115,0.04628992215277883,5.7383999999999995,1.1062949829773714,4328.928357687431
mp-555823,SiO2,"O,Si",-2.481692340833333,0.791139003055557,1.2338,2.1438597790216876,558.4637310052392
mp-555891,SiO2,"O,Si",-3.2651693141666676,0.007662029722222741,5.5678,2.246806325836915,177.62514985183805
mp-555960,SiO2,"O,Si",-3.010651051875,0.26218029201388937,5.3346,0.9377696221568234,1702.291483475245
mp-556027,SiO2,"O,Si",-2.743641011111111,0.5291903327777794,2.4692,1.6234637612411913,368.7387299699159
mp-556044,SiO2,"O,Si",-1.8154653044444444,1.4573660394444454,0.0,1.7590087891581896,680.6492033035814
mp-556068,SiO2,"O,Si",-3.1322968106944438,0.14053453319444564,6.180999999999999,0.7612361597405772,3145.5886997079538
mp-556088,SiO2,"O,Si",-3.165723067083333,0.10710827680555646,5.68,1.7173086981809087,929.5691816796422
mp-556132,SiO2,"O,Si",-3.0760480183333327,0.19678332555555755,4.3926,2.9154290338830586,273.77741366819885
mp-556218,SiO2,"O,Si",-3.259933561944445,0.012897781944445796,5.6082764275217505,1.944477376464736,615.72736481063
mp-556257,SiO2,"O,Si",-2.8539148524999995,0.41891649138889075,3.6123,1.7970689732833465,2664.9348438909233
mp-556262,SiO2,"O,Si",-3.254014431875001,0.018816912013889464,5.72,1.716331363579386,930.0985084431348
mp-556319,SiO2,"O,Si",-3.145057900833333,0.12777344305555793,5.2035,2.302595508962697,173.32150121956357
mp-556376,SiO2,"O,Si",-2.8438057525,0.42902559138889007,2.7367000000000004,2.7030907824650745,147.6418449960055
mp-556454,SiO2,"O,Si",-3.2610372812499997,0.011794062638889713,5.5651,1.897337337467329,841.3671147115383
mp-556464,SiO2,"O,Si",-3.026892561388889,0.24593878250000145,4.035,2.6662826667389865,449.0401358715822
mp-556469,SiO2,"O,Si",-3.2569028870833336,0.01592845680555577,5.696199999999999,1.7720229441777187,900.8671397311535
mp-556537,SiO2,"O,Si",-3.0207269836111115,0.2521043602777784,4.5413,2.269911809352473,527.4512983330652
mp-556553,SiO2,"O,Si",-3.1871296699999996,0.08570167388888983,5.175800000000001,2.5595497004538172,155.9216881954196
mp-556564,SiO2,"O,Si",-2.1828311075,1.0900002363888897,0.30200000000000005,2.5522394086559617,625.4731573555706
mp-556588,SiO2,"O,Si",-2.9639795049999997,0.3088518388888897,4.0144,2.9749959128818464,134.1478516278855
mp-556591,SiO2,"O,Si",-3.2521502361111114,0.020681107777779317,6.5186,1.673436391924051,1073.1820492752172
mp-556654,SiO2,"O,Si",-3.260776771666666,0.01205457222222428,5.6055,2.0830625246083208,1149.5266385915536
mp-556662,SiO2,"O,Si",-3.2049753108333334,0.06785603305555732,5.565300000000001,2.325950049642265,171.58120415192076
mp-556788,SiO2,"O,Si",-3.025782889166667,0.2470484547222238,4.7965,2.6965217650718714,148.001516429148
mp-556812,SiO2,"O,Si",-2.977546089444444,0.29528525444444575,4.5145,2.8755654183134434,208.17956762860442
mp-556880,SiO2,"O,Si",-3.1212365866666665,0.15159475722222382,5.0612,2.2458001867837947,177.70472754585288
mp-556882,SiO2,"O,Si",-3.262027181458334,0.010804162430556374,5.6423,2.600645055479301,613.8312638612458
mp-556961,SiO2,"O,Si",-3.264115334583334,0.008716009305556938,5.4877,2.3608609110522343,338.08794787234274
mp-556963,SiO2,"O,Si",-3.123226568055556,0.14960477583333365,5.3934,2.255075583119296,530.9214200654055
mp-556985,SiO2,"O,Si",-3.2197470766666663,0.05308426722222315,5.6151,1.9562247053256876,204.00995306334002
mp-556994,SiO2,"O,Si",-3.184553575833334,0.08827776805555665,5.3836,2.320045639110383,172.01787050528444
mp-557004,SiO2,"O,Si",-3.2519894955555575,0.020841848333333246,5.5806000000000004,1.790678150075335,668.6114592363509
mp-557017,SiO2,"O,Si",-2.746140747083333,0.5266905968055573,2.5295,2.430151028602173,656.8963091061819
mp-557024,SiO2,"O,Si",-3.2019492481944454,0.07088209569444537,5.6788,1.6432409718332686,2914.4062288291093
mp-557076,SiO2,"O,Si",-2.982064594444445,0.2907667494444457,4.0358,2.1598654903028063,554.3252282699633
mp-557118,SiO2,"O,Si",-3.253756126666667,0.019075217222223273,5.5298,2.4321882915713484,164.08651899931755
mp-557134,SiO2,"O,Si",-3.177788423333334,0.09504292055555652,5.434399999999999,2.2947180023944176,173.91649427006325
mp-557194,SiO2,"O,Si",-2.010822102222222,1.262009241666668,0.0,2.0840597538454078,287.2441466074515
mp-557211,SiO2,"O,Si",-3.253923577916668,0.018907765972221213,5.5604,1.6515532750565094,1449.8689797379423
mp-557244,SiO2,"O,Si",-3.09029413,0.18253721388889055,5.1901,2.5953910157930746,153.76847183578997
mp-557264,SiO2,"O,Si",-3.261632047083333,0.011199296805557424,5.4327000000000005,2.064259521652424,773.3316593746347
mp-557465,SiO2,"O,Si",-3.2590305037499996,0.013800840138889825,5.522,2.4539599271649544,325.2614730150914
mp-557591,SiO2,"O,Si",-3.201431672638889,0.0713996712500009,5.6246,1.9032425856823765,1258.1348693553516
mp-557653,SiO2,"O,Si",-2.970191189166666,0.3026401547222246,4.130599999999999,2.7915883185407586,142.96137709999263
mp-557723,SiO2,"O,Si",-2.9922132155555556,0.28061812833333377,3.5612999999999997,2.1580667964202473,554.7872442736806
mp-557771,SiO2,"O,Si",-2.656939221388889,0.6158921225000009,2.3054,1.5194185799856932,787.9776821972209
mp-557814,SiO2,"O,Si",-2.5614087002777786,0.7114226436111117,1.0636,2.0860349776984255,2295.777288002131
mp-557837,SiO2,"O,Si",-3.264493386666667,0.008337957222222414,5.6449,2.2830382932752977,174.80622707484125
mp-557873,SiO2,"O,Si",-3.2073083649999994,0.06552297888889136,5.6607,2.0335811623273736,196.2495118011881
mp-557881,SiO2,"O,Si",-3.252613091944445,0.020218251944445598,5.5233,1.7659786632053411,677.9628519245057
mp-557894,SiO2,"O,Si",-3.2513156152083327,0.021515728680556734,5.718299999999999,1.645014779845564,1940.8424298889604
mp-557930,SiO2,"O,Si",-3.24084198125,0.03198936263889074,5.6398,2.311617456409678,345.2900991106816
mp-557933,SiO2,"O,Si",-3.2594026877777784,0.013428656111111437,5.5245,1.9278907357728643,1242.0495713047258
mp-558025,SiO2,"O,Si",-3.256373542592593,0.016457801296297703,5.671,1.8215681048149577,1971.8196554602207
mp-558115,SiO2,"O,Si",-3.2585876476666678,0.014243696222223434,5.6222,1.7003261266561067,2347.1339060095274
mp-558200,SiO2,"O,Si",-3.20021207375,0.07261927013889036,5.317699999999999,2.4133102508879833,330.74016087901987
mp-558203,SiO2,"O,Si",-3.1839274299999993,0.08890391388889007,5.8698,1.2834227854391267,2487.656069956964
mp-558301,SiO2,"O,Si",-3.060296863541667,0.2125344803472231,5.440799999999999,1.6243095288576945,982.7912801706008
mp-558326,SiO2,"O,Si",-3.2560967631481494,0.016734580740740412,5.587,1.7500924327960043,2052.350907600449
mp-558351,SiO2,"O,Si",-3.2526599766666657,0.02017136722222368,5.5127,1.7619359395560419,679.5184229264299
mp-558366,SiO2,"O,Si",-2.481188487083333,0.7916428568055567,1.179,2.390463265831626,333.90122828430015
mp-558374,SiO2,"O,Si",-3.2330762641666673,0.03975507972222303,5.5665000000000004,2.10675617442652,1136.598478246233
mp-558564,SiO2,"O,Si",-3.207331576111112,0.06549976777777822,5.5113,1.7411053255391458,687.6481930085284
mp-558569,SiO2,"O,Si",-3.194217924722222,0.07861341916666831,5.6415999999999995,2.1990845828844714,1088.8784726725698
mp-558598,SiO2,"O,Si",-1.4542547536111117,1.8185765902777788,0.0,1.9200921227653707,623.5471291972076
mp-558733,SiO2,"O,Si",-3.0091399411111115,0.2636914027777788,5.2698,4.07667960167212,146.84351579327443
mp-558891,SiO2,"O,Si",-3.259668037500001,0.01316330638888985,5.6471,2.3029446190482643,519.885680724408
mp-558931,SiO2,"O,Si",-3.0042941956250004,0.2685371482638903,4.5368,1.8870732366984981,2537.830345237013
mp-558947,SiO2,"O,Si",-3.2574067163194442,0.015424627569446514,5.6495,1.6616503335779915,2882.1176314910276
mp-559091,SiO2,"O,Si",-3.2615738691666665,0.011257474722222938,5.4497,2.095487932863067,190.4517339642055
mp-559273,SiO2,"O,Si",-3.057541708472222,0.2152896354166689,5.6598,0.7032456156343623,3404.9780171456155
mp-559313,SiO2,"O,Si",-3.254960442083334,0.017870901805556727,5.3664000000000005,1.9199645952999949,415.72569753816936
mp-559347,SiO2,"O,Si",-3.2541882402083337,0.01864310368055655,5.6325,2.449122480454502,651.8078430128619
mp-559360,SiO2,"O,Si",-3.255733744166666,0.017097599722223578,5.6782,1.7170908788521317,1394.5306514526337
mp-559389,SiO2,"O,Si",-3.0151236377777786,0.2577077061111108,4.1899,2.7175928749844847,220.28095929405075
mp-559550,SiO2,"O,Si",-3.2569511216666687,0.015880222222222073,5.601,1.8684312370492688,320.3938970843026
mp-559605,SiO2,"O,Si",-3.033869635555556,0.23896170833333485,3.6950000000000003,1.949074474104011,307.13755345210785
mp-559740,SiO2,"O,Si",-3.214232430833335,0.05859891305555465,5.7101,1.3486851967927966,887.7297191306384
mp-559829,SiO2,"O,Si",-3.1305177165277778,0.14231362736111208,6.106,1.0428148614154806,4592.44675251133
mp-559860,SiO2,"O,Si",-3.1068021320833332,0.1660292118055562,4.5099,2.128022249738835,375.0800165400701
mp-559872,SiO2,"O,Si",-3.263423301666668,0.00940804222222269,5.610600000000001,2.4343814244354123,491.8160806383052
mp-559928,SiO2,"O,Si",-3.2309085238888877,0.04192282000000169,5.4895,1.5841616196646702,377.8869264608092
mp-559962,SiO2,"O,Si",-3.2310520672222216,0.04177927666666825,5.6777,1.37723433646546,1738.655360593452
mp-560064,SiO2,"O,Si",-3.2528276419791666,0.020003701909724114,5.7315000000000005,1.4935594293917893,2137.6547994604152
mp-560131,SiO2,"O,Si",-3.1754108170833333,0.09742052680555702,5.685499999999999,1.8510936108866562,431.1930071690753
mp-560152,SiO2,"O,Si",-3.1692055610416667,0.10362578284722268,5.6113,2.2874446280528264,697.8779821298881
mp-560155,SiO2,"O,Si",-3.2457165322222234,0.027114811666667293,5.6417,1.7564332820520412,1022.4708873192303
mp-560203,SiO2,"O,Si",-3.2431654669444447,0.029665876944445557,5.4814,2.726997283113123,439.0425829752664
mp-560336,SiO2,"O,Si",-3.2544016120833335,0.01842973180555596,5.5874,1.6424850745409176,1943.831656072185
mp-560527,SiO2,"O,Si",-3.2538026766666674,0.01902866722222285,5.3907,1.7936947136081218,444.9913436072388
mp-560708,SiO2,"O,Si",-3.2574806491666664,0.015350694722222613,5.6266,1.7705096713618853,1577.8649602376963
mp-560754,SiO2,"O,Si",-2.7381919543749995,0.5346393895138908,1.36,2.3836140997731263,669.7213451671146
mp-560809,SiO2,"O,Si",-3.2558939031944454,0.016937440694444916,5.4481,1.8530867710822996,1292.1876618278939
mp-560826,SiO2,"O,Si",-3.2549943897222238,0.01783695416666653,5.4244,1.834748765748431,652.5514300897374
mp-560836,SiO2,"O,Si",-3.044315215277778,0.22851612861111192,4.9689,1.760888377983468,679.9226719388113
mp-560920,SiO2,"O,Si",-3.255578040625,0.01725330326389063,5.613300000000001,1.6328571311461966,1955.2932229150797
mp-560941,SiO2,"O,Si",-3.2559374422916663,0.01689390159722315,5.7844999999999995,1.5588519304230077,2048.119144742854
mp-560954,SiO2,"O,Si",-3.0979748983333337,0.17485644555555702,4.478800000000001,2.080419526483269,383.6623385182876
mp-560973,SiO2,"O,Si",-3.2380276938888897,0.03480365000000063,5.4387,1.8097724868152045,992.3357270046496
mp-560998,SiO2,"O,Si",-3.2545272235185183,0.01830412037037199,5.5774,1.7702382229559253,1014.4972993623425
mp-561090,SiO2,"O,Si",-3.25193751372549,0.020893830163400295,5.5448,1.6921728962259657,2004.67644012137
mp-561181,SiO2,"O,Si",-3.25178817297619,0.021043170912699694,5.6107,1.5091952271684672,1851.0694454323457
mp-561291,SiO2,"O,Si",-3.1210778016666665,0.15175354222222381,5.241,2.2506503798868107,354.64354115712155
mp-561301,SiO2,"O,Si",-2.7738983684027776,0.49893297548611315,1.9962,2.3677804450912388,2022.5995757784617
mp-561351,SiO2,"O,Si",-3.254891058888888,0.017940285000001666,5.4512,1.8420539885931122,1299.9270796171886
mp-561488,SiO2,"O,Si",-2.760070474999999,0.5127608688888907,2.7733,1.7460754934653342,685.6908165914243
mp-562490,SiO2,"O,Si",-3.2526723133333335,0.0201590305555559,5.5996999999999995,1.8623725898254062,214.29079900292862
mp-572283,SiO2,"O,Si",-3.1075858258333326,0.1652455180555581,4.9688,2.6327511742160397,606.3456573083515
mp-600000,SiO2,"O,Si",-3.25690691,0.01592443388888931,5.4117,1.792571663140008,445.27013175670066
mp-600001,SiO2,"O,Si",-3.2362091936666673,0.03662215022222348,5.491,1.627087941451441,306.59783358024345
mp-600002,SiO2,"O,Si",-3.2505974675000004,0.022233876388890295,5.4577,1.7740822709998876,449.91071365580996
mp-600003,SiO2,"O,Si",-3.2583776395833333,0.01445370430555748,5.4596,1.790488309104226,891.5764672364769
mp-600004,SiO2,"O,Si",-3.2555335816666675,0.017297762222222346,5.4296,1.88356291074989,635.6400012505338
mp-600005,SiO2,"O,Si",-3.2516693154166667,0.021162028472224037,5.4398,1.6537477001767678,965.2967263922578
mp-600006,SiO2,"O,Si",-3.2386788851666664,0.0341524587222235,6.3573,1.9766148824809164,1009.5272322697714
mp-600007,SiO2,"O,Si",-3.251895117777777,0.020936226111112788,5.6068999999999996,1.7191369746914218,696.4354490481621
mp-600014,SiO2,"O,Si",-3.2554555111111125,0.01737583277777688,5.7274,1.811308265800186,1321.9924554538477
mp-600015,SiO2,"O,Si",-3.253618028888889,0.019213315000001785,5.6292,1.6879564718331301,1418.600480430967
mp-600016,SiO2,"O,Si",-3.2563545479166662,0.016476795972224068,5.6503,1.6464931871589799,969.5498613109172
mp-600018,SiO2,"O,Si",-3.255606931111112,0.017224412777778753,5.4453,1.9073766441898978,1255.4079810000228
mp-600022,SiO2,"O,Si",-3.2510618208333333,0.021769523055557016,5.7440999999999995,1.479423592219989,2158.080011234513
mp-600023,SiO2,"O,Si",-3.2499778350000006,0.022853508888889706,5.488,1.593567827712083,626.0940127158256
mp-600024,SiO2,"O,Si",-3.248780622083333,0.024050721805556563,5.75,1.6445432633285864,1941.3989000548418
mp-600026,SiO2,"O,Si",-3.2179258163888886,0.05490552750000077,5.1530000000000005,2.068724328157123,578.7469672245207
mp-600027,SiO2,"O,Si",-3.2556885016666675,0.0171428422222224,5.522600000000001,1.6176690727742566,1480.2383887963422
mp-600028,SiO2,"O,Si",-3.250514814027779,0.022316529861111434,5.5863,1.9322917876300902,1239.2206380103078
mp-600029,SiO2,"O,Si",-3.256047028611111,0.01678431527777846,5.4247000000000005,1.8935817233792505,1264.5537461228737
mp-600031,SiO2,"O,Si",-3.255879317166667,0.01695202672222429,6.374499999999999,1.8964932605522369,1052.176980050616
mp-600032,SiO2,"O,Si",-3.25127456111111,0.021556782777780725,5.7155000000000005,1.5119970183355016,1583.6908623835047
mp-600033,SiO2,"O,Si",-3.2587295361111117,0.01410180777777903,5.4289,1.676060723087305,714.3344596364926
mp-600037,SiO2,"O,Si",-3.249937378333333,0.022893965555557116,5.4426,1.6751301902337434,952.9750287866326
mp-600038,SiO2,"O,Si",-3.236222642333333,0.03660870155555784,5.4989,1.6275734713820247,613.0127415629973
mp-600039,SiO2,"O,Si",-3.232654774444445,0.040176569444444254,6.2567,1.8501767305576793,1294.2200722453572
mp-600041,SiO2,"O,Si",-3.2517368235416675,0.02109452034722281,5.465199999999999,1.809066053122584,882.4206493200877
mp-600045,SiO2,"O,Si",-3.250322027916667,0.02250931597222383,5.4237,1.7822820960578187,895.681578572942
mp-600049,SiO2,"O,Si",-3.2366732602083332,0.036158083680556174,5.646800000000001,1.8357270650935742,869.6048947657621
mp-600050,SiO2,"O,Si",-3.2027378962500004,0.07009344763888947,5.8144,1.6412849541900525,1458.9397506971623
mp-600051,SiO2,"O,Si",-3.2511583462499996,0.02167299763889119,5.5706,1.8108208709613665,1322.3482787768937
mp-600052,SiO2,"O,Si",-3.256982102333334,0.015849241555557114,5.4991,1.9067717923713712,1046.5051767377715
mp-600053,SiO2,"O,Si",-3.249919229285715,0.02291211460317477,5.522,1.7002889442386242,1643.0296636756882
mp-600054,SiO2,"O,Si",-3.2488880573437497,0.023943286545140552,5.8369,1.4923010706945412,4278.914684464813
mp-600055,SiO2,"O,Si",-3.25381874904762,0.019012594841269603,6.4016,1.7395458729643734,1605.9508493692322
mp-600057,SiO2,"O,Si",-3.2483584662499987,0.024472877638890722,6.543900000000001,1.711744162289551,1398.8865361084195
mp-600059,SiO2,"O,Si",-3.259422532647059,0.013408811241831131,5.7102,1.9873424982774288,853.466159108571
mp-600060,SiO2,"O,Si",-3.2553759120138883,0.017455431875001537,5.683199999999999,1.729665882390115,2768.7842909639658
mp-600061,SiO2,"O,Si",-3.2513164066666675,0.021514937222223196,5.6122,1.7535984729412415,1365.4983731097677
mp-600063,SiO2,"O,Si",-3.2553963137500017,0.017435030138887697,5.6966,1.7139644548088406,1397.0743997465818
mp-600065,SiO2,"O,Si",-3.2476973001388902,0.0251340437500005,5.3276,1.9669936687326732,1217.3581948699555
mp-600067,SiO2,"O,Si",-3.2393904517857135,0.03344089210317591,5.74,1.3724296346377667,2035.532534198896
mp-600068,SiO2,"O,Si",-3.2337006446666674,0.03913069922222334,5.671473071220557,1.6069094977510427,1241.791497509309
mp-600070,SiO2,"O,Si",-3.249780961145833,0.023050382743056375,5.6936,1.723411257794827,1852.5551971871892
mp-600071,SiO2,"O,Si",-3.2513735413888907,0.021457802499998735,5.4719,1.8039983529978758,663.6746252871601
mp-600072,SiO2,"O,Si",-3.253222445625,0.019608898263889785,5.8422,1.4768376509975694,3242.788210703574
mp-600076,SiO2,"O,Si",-3.2390174932500013,0.03381385063888942,5.5245,1.8703282015846519,2133.7929352544
mp-600078,SiO2,"O,Si",-3.2435774379629643,0.02925390592592514,5.6143,1.6299286326585345,1101.828546620185
mp-600080,SiO2,"O,Si",-3.244730174427083,0.02810116946180763,5.6971,1.4590351261464467,4376.473774077263
mp-600083,SiO2,"O,Si",-3.2525328442777783,0.020298499611111964,5.8262,1.6444918960591979,3640.2366403069836
mp-600084,SiO2,"O,Si",-3.253281090416666,0.01955025347222339,5.549,1.8422238392115031,1733.0763040637034
mp-600085,SiO2,"O,Si",-3.2490337950000003,0.023797548888889963,5.6423000000000005,1.4805262888966166,2156.4726722266673
mp-600091,SiO2,"O,Si",-3.2541228735185195,0.018708470370370378,5.685499999999999,1.7593398885273765,1020.7816625586802
mp-600096,SiO2,"O,Si",-3.1283965165277774,0.14443482736111335,6.145300000000001,0.8285915695425691,2889.8868271263755
mp-600098,SiO2,"O,Si",-3.2548869721874993,0.017944371701391404,5.7534,1.5991868531330726,1996.4611866735024
mp-600109,SiO2,"O,Si",-3.242524318888889,0.03030702500000082,5.5665,1.7121864680210195,3496.3129113160967
mp-600111,SiO2,"O,Si",-3.248124998125,0.024706345763890525,5.5173000000000005,1.613272253889742,1979.030182178365
mp-604717,SiO2,"O,Si",-3.0861613491666677,0.18102254416666597,5.1678,1.317956234233412,908.4276851127072
mp-615993,SiO2,"O,Si",-3.2553473116666667,0.017484032222222723,5.4699,1.8140142435890498,770.0119175130222
mp-638033,SiO2,"O,Si",-2.5669841291666664,0.7058472147222234,0.21039999999999992,2.3061412347013177,346.1100337738232
mp-638035,SiO2,"O,Si",-1.4424869522222221,1.8303443916666682,0.0,3.222079185841289,185.79120218485738
mp-638038,SiO2,"O,Si",-2.0206821016666665,1.2521492422222238,0.0,1.9952274124267835,400.04393266573027
mp-638049,SiO2,"O,Si",-1.5280706991666666,1.7447606447222235,0.0,3.094817840073901,386.8621653402159
mp-639463,SiO2,"O,Si",-3.255151089999999,0.017680253888890718,5.3927000000000005,1.8908492628962963,316.5952872178218
mp-639478,SiO2,"O,Si",-3.2481721241666666,0.02465921972222418,5.5631,1.4217870671389254,1684.1733317405847
mp-639480,SiO2,"O,Si",-3.2368234105555564,0.03600793333333385,5.6231,1.6717314465338393,1074.2765532947255
mp-639506,SiO2,"O,Si",-3.253925137500001,0.0189062063888894,5.6572,1.854004578798761,1291.5479763488484
mp-639511,SiO2,"O,Si",-3.2517381562500005,0.021093187638889788,5.6703,1.6422204987336433,972.072412011876
mp-639512,SiO2,"O,Si",-3.257615022898549,0.015216320990340648,5.6163,1.755933853439469,2613.7243493716082
mp-639558,SiO2,"O,Si",-3.2505437613095243,0.02228758257936647,5.704700000000001,1.55320169045212,1798.6235717981253
mp-639682,SiO2,"O,Si",-3.2380699813333345,0.03476136255555673,5.6453,1.58982169377308,627.5692926413844
mp-639695,SiO2,"O,Si",-3.2502485600000006,0.02258278388888968,6.4746,1.721271990097395,927.4288145297897
mp-639705,SiO2,"O,Si",-3.241795045666668,0.031036298222222314,5.52472243007316,1.6261310357175365,1227.1130110333947
mp-639724,SiO2,"O,Si",-3.2520667097916665,0.020764634097224288,6.571899999999999,1.6483862556130857,968.4363939722516
mp-639733,SiO2,"O,Si",-3.248647573472224,0.024183770416666306,5.6305,1.811518524701814,1321.839014747692
mp-639734,SiO2,"O,Si",-3.2516248575,0.021206486388889445,6.1953,1.7745634207968008,899.5774524319761
mp-639741,SiO2,"O,Si",-3.2506911376388885,0.022140206250002237,5.6594999999999995,1.449546628789006,1651.9205483506967
mp-639748,SiO2,"O,Si",-3.2355678254629643,0.03726351842592557,5.823,1.4490182931589237,2478.784298163184
mp-640556,SiO2,"O,Si",-3.2660856293055556,0.006745714583335172,5.551243149926528,2.249445830110738,1064.500344856563
mp-640917,SiO2,"O,Si",-0.8447462188888887,2.4280851250000017,0.6688000000000001,2.2756436881195006,131.53068922818633
mp-644923,SiO2,"O,Si",-3.2559822414583337,0.01684910243055704,5.6934,1.6992833829447123,2818.289033980328
mp-646895,SiO2,"O,Si",-3.252928617812499,0.01990272607639021,5.7207,1.6799211271750416,1900.5145127781043
mp-651707,SiO2,"O,Si",-3.2609719395238104,0.011859404365079484,5.696,1.933140803417479,1445.1224490555485
mp-653763,SiO2,"O,Si",-3.2498671253571425,0.02296421853174735,5.5172,1.6762487215168946,3333.186938601607
mp-662706,SiO2,"O,Si",-3.2584556951190473,0.014375648769842542,5.5366,1.8472967684913637,1512.2774098096618
mp-663422,SiO2,"O,Si",-3.056898270833333,0.21593307305555776,4.3608,2.0117100849370266,396.76622720448563
mp-667368,SiO2,"O,Si",-3.2550928184375003,0.01773852545139043,5.5885,1.622456377147193,1967.8276269791306
mp-667371,SiO2,"O,Si",-3.2551748397023808,0.01765650418650999,5.8205,1.8202988384500174,3069.4137832693964
mp-667373,SiO2,"O,Si",-3.2561500793452374,0.01668126454365293,5.765000000000001,1.7734538520759242,3150.490968720486
mp-667376,SiO2,"O,Si",-3.255104522440475,0.017726821448414753,5.6257,1.79727850990519,3108.728176303902
mp-667377,SiO2,"O,Si",-3.253104106369047,0.0197272375198434,5.6195,1.7983088563970027,3106.947021104082
mp-667383,SiO2,"O,Si",-3.258716410357143,0.014114933531747198,5.5085999999999995,1.7445321231237088,1601.3606944661433
mp-667448,SiO2,"O,Si",-3.029232922847223,0.24359842104166773,0.9579,1.7485626503561218,2738.861957735806
mp-669426,SiO2,"O,Si",-3.2657042100000004,0.007127133888889858,5.537999999999999,2.3555881574771846,338.84472465871204
mp-673168,SiO2,"O,Si",-2.5864463222222227,0.6863850216666671,3.3979,1.4664353947197581,204.11194643411517
mp-680204,SiO2,"O,Si",-3.2588807815151504,0.013950562373739928,5.6081,2.0200475106236446,1086.6037532225982
mp-680222,SiO2,"O,Si",-3.235629854652778,0.03720148923611255,5.5951,1.0697094030779817,4476.983851874166
mp-683947,SiO2,"O,Si",-3.1305732470833334,0.14225809680555734,5.2101999999999995,2.1517452978032923,370.94474956889024
mp-683952,SiO2,"O,Si",-2.5411986473611115,0.7316326965277788,1.3132000000000001,2.1381457338025203,2239.824745369951
mp-683953,SiO2,"O,Si",-2.3910026384027776,0.8818287054861127,1.4904000000000002,2.075510886627183,2307.418262479257
mp-683970,SiO2,"O,Si",-3.136276236979166,0.13655510690972328,5.3597,1.5522171765416601,4113.747136379569
mp-685105,SiO4,"O,Si",-1.1607736580000003,0.8029251483333324,0.3892,1.9821639265592215,231.42523646269996
mp-685184,SiO2,"O,Si",-2.8674652225555564,0.4053661213333335,0.0,2.2708496836906757,1318.0836445751347
mp-733790,SiO2,"O,Si",-3.2662578463888874,0.006573497500003356,5.593,2.254998357567127,1061.8792044143463
mp-862998,Si2O5,"O,Si",-2.227385363571429,0.5778986454761901,3.0491,2.3328306979016746,193.8522878150404
mp-1063118,Si2O,"O,Si",-0.8379519283333335,0.7984637436111113,0.0,2.709180112854837,44.23543796551016
mp-1179195,Si2O3,"O,Si",-2.1653505340000003,0.7801976755000002,0.9896604101335988,1.7392959055103991,994.5232770922947
mp-1208867,Si2O,"O,Si",0.6878445066666666,2.3242601786111114,0.0,1.1701844817851879,204.82542827222937
mp-1219421,Si3O8,"O,Si",-2.104962496818182,0.5728086027272727,0.0706,2.15460617014736,654.3232729544848
mp-1250755,Si3O7,"O,Si",-2.345288176999999,0.6002600325000014,0.20499999999999996,1.8474296157166994,352.79786438736227
mp-32566,Si3O,"O,Si",-0.7764011481250002,0.4509106058333332,0.09609999999999985,2.1294689373238453,312.7142846215067
mp-32881,Si3O,"O,Si",-0.7824138031250003,0.44489795083333306,0.3041999999999998,2.1447780668803227,310.48217325699835
mp-638900,Si3O7,"O,Si",-2.0269527185,0.9185954909999996,0.10310000000000041,0.9704397225621314,671.6225726107249
mp-1179275,Si4O9,"O,Si",-2.772619895192309,0.24845519147435802,0.0,2.006336515027573,848.625214974505
mp-1179651,Si5O8,"O,Si",-2.7177123315384617,0.3033627551282052,3.4528,1.7754862333877692,502.089367918681
mp-1173536,Si6O13,"O,Si",-2.2769198371052637,0.8236572255263166,0.08350000000000002,1.9242092658481291,1299.6540560279852
mp-530027,Si6O13,"O,Si",-2.7600695460526308,0.34050751657894995,2.1050999999999997,1.7264021181069964,1448.5654012914977
mp-673849,Si6O13,"O,Si",-2.182703912368421,0.9178731502631594,0.04090000000000005,1.9511782215631506,1281.6903906413418
mp-731864,Si6O13,"O,Si",-2.9008846392105267,0.19969242342105353,0.008799999999999919,1.3226885441421063,945.3496773982312
mp-1194828,Si17O37,"O,Si",-2.9190929207407406,0.1719144595987654,0.09050000000000002,1.7599115238745437,2018.092876926347
mp-1199711,Si18O29,"O,Si",-2.814363742765957,0.2147461180673762,0.0925999999999998,1.7242737257735874,3734.7399566493805
mp-1221354,Si48O107,"O,Si",-2.855462928161291,0.18510296551612893,0.9547999999999999,1.3743744782890073,3697.18422498357
mp-775909,ZrO2,"O,Zr",-3.750962673333332,0.06265508166666578,3.4353999999999996,5.299849545428078,77.21588012181509
mp-775910,ZrO2,"O,Zr",-3.766282613666666,0.04733514133333294,3.3165999999999998,6.232379842724869,328.3116221174586
mp-775935,ZrO2,"O,Zr",-3.6831441938888907,0.13047356111110808,3.825,4.57232300590925,134.2531618942517
mp-775980,ZrO2,"O,Zr",-3.750909979444446,0.06270777555555362,3.5759999999999996,5.337594285071898,460.01909321729374
mp-776386,ZrO2,"O,Zr",-3.7253280791666654,0.0882896758333338,3.6134000000000004,4.912016438940359,333.2501446202098
mp-776404,ZrO2,"O,Zr",-3.804120451666666,0.009497303333333207,3.4628999999999994,5.781420126013742,283.1363493699907
mp-776427,ZrO2,"O,Zr",-3.752696661666667,0.060921093333330845,3.5894999999999997,5.105015571608206,320.6513605477699
mp-1100824,ZrO2,"O,Zr",-3.207875548888889,0.6057422061111097,0.0,5.48264750848515,895.6969344392551
mp-1190186,ZrO2,"O,Zr",-3.8003611420833336,0.013256612916665134,3.5793999999999997,6.034840370948916,271.2466425017191
mp-1245318,ZrO2,"O,Zr",-3.5909381171111123,0.22267963788888778,2.9114,5.262636315760984,1166.4283524718212
mp-963,ZrO2,"O,Zr",-3.7105482291666654,0.10306952583333384,2.8590999999999998,6.508923791681797,125.74507253761895
mp-1565,ZrO2,"O,Zr",-3.757945188333334,0.05567256666666509,3.1239999999999997,6.2059689031905565,32.97088283451112
mp-2574,ZrO2,"O,Zr",-3.786492631666667,0.027125123333330947,3.8825,6.042619622733896,67.72436008114629
mp-2858,ZrO2,"O,Zr",-3.813617754999999,0.0,3.5322,5.777331392483834,141.66836532722778
mp-10197,ZrO,"O,Zr",-2.5599047675000017,0.3467296037499974,0.0,7.197062638088304,24.73907116775216
mp-33088,ZrO,"O,Zr",-2.4818551725000004,0.4247791987499987,0.0,5.60736845995719,31.752620872678666
mp-556605,ZrO2,"O,Zr",-3.796956807499999,0.016660947500000134,3.7025,5.984314869866799,136.76838738017122
mp-754403,ZrO2,"O,Zr",-3.7654318950000003,0.04818585999999847,3.7263,4.748266820541787,86.18566787212191
mp-754741,ZrO2,"O,Zr",-3.700072168333334,0.11354558666666392,3.4061000000000003,5.231350392660261,156.45388530563582
mp-755089,ZrO2,"O,Zr",-3.7856474933333324,0.02797026166666683,3.9595999999999996,5.7071390518488805,143.41075044626993
mp-755759,ZrO2,"O,Zr",-3.784841739166667,0.02877601583333167,3.2112999999999996,5.98605216790313,136.72869386528643
mp-755769,ZrO2,"O,Zr",-3.722506047499999,0.09111170749999964,4.1835,4.589118198145167,178.34909866947189
mp-10735,Zr2O,"O,Zr",-1.7716419150000011,0.22800907249999725,0.0,5.683818032715772,115.95362797641955
mp-753629,Zr2O,"O,Zr",-1.9908461322222228,0.008804855277775303,0.0,6.854541909310679,288.44786290793894
mp-1017,Zr3O,"O,Zr",-1.5387357718750012,0.007423523749999106,0.0,6.69984282918577,143.58864502115784
mp-14024,Zr3O,"O,Zr",-1.5461592956250003,0.0,0.0,6.68857556528936,143.83052778680639
mp-561418,Zr3O,"O,Zr",-1.5452611012499995,0.000898194375000827,0.0,6.690771506157735,287.5666439399779
mp-1215377,Zr4O,"O,Zr",-1.2407292990000003,0.0,0.0,6.611601417853336,286.99175263227033
mp-761151,Zr6O11,"O,Zr",-3.6230431202941173,0.08387070720588063,0.3600000000000003,5.759799288422903,208.53678271832567
mp-685070,Zr19O40,"O,Zr",-3.5758460191525425,0.10849655771186484,0.03730000000000011,5.602303605070874,703.432861447232
mp-684977,Zr27O49,"O,Zr",-3.5781500405921065,0.11612779549341923,0.0,5.866380146046199,919.101917805969
mp-2420244,TiO2,"O,Ti",-3.4915613252777775,0.016494126666666276,2.8899,2.5883829814012427,204.9469218790116
mp-2739239,TiO2,"O,Ti",-3.416520455277778,0.09153499666666676,3.1054000000000004,3.8715344688341524,274.0417934814095
mp-2901430,TiO2,"O,Ti",-3.329509589027778,0.17854586291666585,2.9417,3.366734166492687,315.13098358747766
mp-775938,TiO2,"O,Ti",-3.495808560833333,0.012246891111111324,2.0838999999999994,4.2606139970394015,373.5244204596958
mp-777129,TiO2,"O,Ti",-3.454227132777779,0.05382831916666575,3.3083,2.238874654502503,1066.2343495957637
mp-849533,TiO2,"O,Ti",-3.411356993194444,0.09669845874999972,2.7647,3.317152938481428,319.84122198782586
mp-1008677,TiO2,"O,Ti",-3.1997306077777785,0.30832484416666617,1.0553,4.678793207323615,28.344976
mp-1041565,TiO2,"O,Ti",-3.464407361944444,0.043648089999999584,1.7794999999999996,4.12753146410562,128.5226119523117
mp-1044853,TiO2,"O,Ti",-3.3302707666666658,0.17778468527777846,1.8458,3.459893091640618,459.9689446739458
mp-1071163,TiO,"O,Ti",-2.9079562791666667,0.0,0.0,5.136733957196175,61.93779156658514
mp-1079207,TiO2,"O,Ti",-3.175238522222222,0.3328169297222221,0.8879999999999999,5.161167519933531,77.08737257123106
mp-1101022,TiO2,"O,Ti",-3.4606675294444442,0.04738792250000046,2.0074,3.711764476055707,142.9188538508557
mp-1102255,TiO2,"O,Ti",-3.2104639794444445,0.2975914725000006,1.7550999999999997,5.069928528031713,104.63286055201081
mp-1102591,TiO2,"O,Ti",-3.2514716744444443,0.2565837774999995,1.3796,4.503680330818624,117.78836101046703
mp-1190753,TiO2,"O,Ti",-3.384136177361112,0.12391927458333285,2.078171214709214,4.643207512933244,228.49770259226855
mp-1201727,TiO2,"O,Ti",-3.44146682423611,0.06658862770833451,2.9027000000000003,3.821223369282592,555.2997806373174
mp-1244926,TiO,"O,Ti",-2.5828635697666673,0.3250927093999998,0.006899999999999906,4.433549144559339,1196.0243242303463
mp-1244944,TiO,"O,Ti",-2.6060075242666674,0.3019487548999997,0.0,4.454019647707278,1190.5274423953567
mp-1245098,TiO2,"O,Ti",-3.341442911333334,0.1666125406111103,2.6007000000000002,3.3638874122733062,1182.7412595916207
mp-1245134,TiO2,"O,Ti",-3.328620551666667,0.17943490027777642,2.4383,3.5075429506458273,1134.3007031129769
mp-1245141,TiO,"O,Ti",-2.5962512025666684,0.31170507659999913,0.016300000000000203,4.399293336966232,1205.3373606635485
mp-1245294,TiO,"O,Ti",-2.5925237458666675,0.3154325332999992,0.0,4.492010910708188,1180.4585351569476
mp-1245308,TiO2,"O,Ti",-3.3378273110000007,0.1702281409444435,2.3002,3.7175634172810055,1070.2193852624168
mp-1245321,TiO2,"O,Ti",-3.3187574306666674,0.18929802127777684,2.4087,3.465243307539353,1148.1469213028251
mp-1245324,TiO,"O,Ti",-2.5726686239666687,0.33528765519999837,0.000700000000000145,4.347487063972284,1219.7006090039094
mp-1341203,TiO2,"O,Ti",-3.3506559790277777,0.15739947291666745,2.5137743709489087,3.201204363371764,331.4259662719306
mp-1350429,TiO2,"O,Ti",-3.3225052104861112,0.18555024145833343,1.0603199176882998,3.540751545748917,599.2864710534211
mp-1380335,TiO2,"O,Ti",-3.3305649886111106,0.17749046333333318,1.6811999999999998,3.4288419249608237,464.1343663180955
mp-1386640,TiO2,"O,Ti",-3.354790039444444,0.1532654124999997,2.5135000000000005,3.6651301672692007,144.73732186091829
mp-1400963,TiO2,"O,Ti",-3.442752224444444,0.06530322750000117,2.5042966204882897,3.4399504502019354,154.21185053728396
mp-1408285,TiO2,"O,Ti",-3.3205849819444446,0.18747046999999917,2.4461,3.5487996960258132,149.48184460122457
mp-1426806,TiO2,"O,Ti",-3.3498359844444443,0.15821946750000038,2.6004,2.4458624482145828,54.222297442507575
mp-1445035,TiO2,"O,Ti",-0.763506644444444,2.7445488075,0.0,2.3555800975163286,112.60095236021293
mp-390,TiO2,"O,Ti",-3.5080554519444447,0.0,2.0629999999999997,3.8561390633045,68.78397225482972
mp-430,TiO2,"O,Ti",-3.46857195111111,0.03948350083333452,2.2317,4.555389336619149,116.4513251189871
mp-1203,TiO,"O,Ti",-2.8553831311666658,0.05257314800000046,0.0,4.934842406185885,107.45292722857165
mp-1439,TiO2,"O,Ti",-3.5035318511111115,0.004523600833332253,2.5281,4.307081255492206,123.16487505448308
mp-1840,TiO2,"O,Ti",-3.5050141244444446,0.0030413275000000795,2.2862,4.105159901329572,258.44602277752557
mp-2657,TiO2,"O,Ti",-3.464416747777778,0.04363870416666593,1.7719,4.236221760308243,125.22506013556851
mp-2664,TiO,"O,Ti",-2.635512259166669,0.27244401999999823,0.0,5.375278816750462,19.729702589713234
mp-9173,TiO2,"O,Ti",-3.4505556619444433,0.05749979000000138,2.4795,3.8736170641543577,136.94722939734157
mp-25262,TiO2,"O,Ti",-3.3228238186111114,0.18523163333333237,1.7051000000000003,3.5314846480274276,150.21476165230197
mp-25433,TiO2,"O,Ti",-3.349036991111111,0.15901846083333382,2.4515,3.5004323120769305,37.88682921049331
mp-34688,TiO2,"O,Ti",-3.493553009444445,0.014502442499999546,1.9745,3.774912936313007,70.26402113532312
mp-553432,TiO2,"O,Ti",-3.358393413055555,0.14966203888888785,3.4210000000000003,2.423853927715503,164.14390279971985
mp-554278,TiO2,"O,Ti",-3.501638054444445,0.006417397499999922,2.6843000000000004,3.6159390664985875,146.70632301220797
mp-572822,TiO2,"O,Ti",-2.9756232152777784,0.5324322366666667,1.6966999999999999,1.9316945443507638,274.6195697625147
mp-636827,TiO2,"O,Ti",-3.1994787627777783,0.3085766891666655,2.7867,1.4013795741568775,189.27103493761172
mp-655656,TiO2,"O,Ti",-3.196460273611111,0.3115951783333326,2.8373999999999997,1.4010542332289038,378.6299717032679
mp-673667,TiO,"O,Ti",-2.711861403452382,0.19609487571428552,0.0,4.941999393478475,450.6487198593416
mp-685151,TiO,"O,Ti",-2.7258837691666664,0.18207250999999935,0.0,4.560784685508409,139.51895522923616
mp-754333,TiO,"O,Ti",-2.7756257341666686,0.13233054499999852,0.0,5.409794709005672,39.20764394801403
mp-754672,TiO2,"O,Ti",-3.4277171819444434,0.08033827000000038,2.9747,2.8720384841128777,184.7054374851317
mp-754769,TiO2,"O,Ti",-3.4717620544444436,0.03629339750000149,2.2943,4.074066982791488,260.4184599433002
mp-755264,TiO,"O,Ti",-2.827090324166667,0.08086595500000016,0.0,5.491461428289495,19.312282126746364
mp-755300,TiO,"O,Ti",-2.795379665833334,0.11257661333333324,0.0,4.661596918536221,68.2508510996959
mp-756587,TiO2,"O,Ti",-3.390097015694445,0.11795843624999947,2.3165,3.819763267914159,277.7560217609407
mp-756655,TiO2,"O,Ti",-3.4335929115277786,0.07446254041666656,2.4317,3.7728117687563625,281.2126112811967
mp-766454,TiO2,"O,Ti",-3.4621163130555552,0.045939138888888564,2.2310000000000003,4.019598513592417,98.98024446129928
mp-776456,Ti2O3,"O,Ti",-3.255844817000002,0.047594817333333594,0.0,4.775431864196912,299.87604097284424
mp-776655,Ti2O3,"O,Ti",-3.218824381833335,0.08461525250000079,0.0,4.384148732901489,217.75988736026858
mp-1046793,Ti2O3,"O,Ti",-3.173650725333333,0.12978890900000195,0.0,4.155816047598302,229.72425230395382
mp-1101295,Ti2O3,"O,Ti",-3.1861783763333333,0.11726125800000098,0.1520999999999999,4.337642002020363,110.04731762125846
mp-1179268,Ti2O3,"O,Ti",-2.925152536333333,0.37828709800000127,0.4165000000000001,3.520071333747455,135.6068732321585
mp-1188323,Ti2O3,"O,Ti",-3.3019104153333343,0.001529219000000026,0.11629999999999896,5.275291044368075,180.974229898941
mp-1217152,Ti2O,"O,Ti",-1.9711538138888898,0.06440852000000064,0.0,4.970669319281274,111.97949255056866
mp-1244955,Ti2O,"O,Ti",-1.699073769183006,0.33648856470588484,0.0,4.526736653775709,1393.5604093181257
mp-1245066,Ti2O,"O,Ti",-1.712330145555555,0.32323218833333556,0.0,4.592992613207464,1373.457681157846
mp-1245186,Ti2O,"O,Ti",-1.7156359779084962,0.3199263559803942,0.0,4.5468018255259,1387.4105857651714
mp-1245206,Ti2O,"O,Ti",-1.6930201957516335,0.3425421381372562,0.0,4.492401784173094,1404.211218670458
mp-1245309,Ti2O,"O,Ti",-1.712045167614379,0.3235171662745113,0.0,4.525877127436577,1393.8250656141881
mp-458,Ti2O3,"O,Ti",-3.3034396343333343,0.0,0.0,4.602205295332797,103.7211155286214
mp-1215,Ti2O,"O,Ti",-2.035562333888889,0.0,0.0,5.090956517521072,36.44456112809412
mp-656850,Ti2O7,"O,Ti",-1.839757052407407,0.49894658222222166,1.1540000000000001,1.9949509838903754,345.81646513064675
mp-978968,Ti3O2,"O,Ti",-2.352613252000002,0.031906659999998865,0.0,5.221608308527694,111.68602130432724
mp-1105338,Ti3O7,"O,Ti",-2.8857484035,0.27150150325000055,0.0,2.9872981737097173,284.1554124233023
mp-1179358,Ti3O7,"O,Ti",-2.913736122499999,0.24351378425000014,0.15869999999999962,1.4002727566389297,606.2082837484971
mp-1205462,Ti3O7,"O,Ti",-2.691278541999999,0.46597136475000056,2.3924,1.6808113055579816,505.02810266383005
mp-1217105,Ti3O8,"O,Ti",-2.492625366363636,0.3776018215909076,0.0,3.2773992166436927,137.60792361818665
mp-1217157,Ti3O4,"O,Ti",-3.1638218171428605,0.02662257285714098,0.0,4.938099741788414,69.80936068096659
mp-1244956,Ti3O,"O,Ti",-1.2191184936499997,0.35079546885000035,0.0,4.55315644261749,1455.1592008493833
mp-1245031,Ti3O5,"O,Ti",-3.1694542763942315,0.2126794617307688,0.01839999999999975,3.613824621848453,1335.6519191160896
mp-1245051,Ti3O5,"O,Ti",-3.187153476778847,0.19498026134615287,0.0,3.725965864939196,1295.4524991601422
mp-1245086,Ti3O5,"O,Ti",-3.1859355106250007,0.19619822750000004,0.007899999999999352,3.7821199378118373,1276.218594567743
mp-1245135,Ti3O5,"O,Ti",-3.18490112735577,0.19723261076923038,0.06639999999999979,3.925101751530906,1229.729086548715
mp-1245140,Ti3O,"O,Ti",-1.28731954965,0.2825944128499991,0.0,4.64002642979701,1427.9158945806564
mp-1245176,Ti3O,"O,Ti",-1.2788867664500003,0.29102719604999905,0.0,4.616475063519328,1435.2005370371362
mp-1245292,Ti3O5,"O,Ti",-3.1807058339903853,0.20142790413461498,0.03509999999999991,3.758682742082053,1284.1764316738102
mp-1147,Ti3O5,"O,Ti",-3.3799429918750006,0.0021907462499992647,0.0,4.273518587002048,173.76464249467236
mp-2591,Ti3O,"O,Ti",-1.5699139624999994,0.0,0.0,4.890993439140411,216.74345133600266
mp-8057,Ti3O5,"O,Ti",-3.382133738125,0.0,0.0,4.002186376924432,185.54518943603145
mp-554032,Ti3O,"O,Ti",-1.461911465,0.10800249749999935,0.0,4.741277989009277,111.79378227963295
mp-556480,Ti3O5,"O,Ti",-3.373945726875001,0.008188011249998794,0.0,4.027309292245217,184.3877327461874
mp-556754,Ti3O5,"O,Ti",-3.380614719375001,0.001519018749998935,0.0,4.335937959479313,171.26315837644566
mp-557812,Ti3O,"O,Ti",-1.5656123535416657,0.004301608958332537,0.0,4.890996529417411,325.1149715865706
mp-755875,Ti3O4,"O,Ti",-3.132689601428573,0.05775478857142957,0.0,4.809434825426615,71.67694302261742
mp-778663,Ti4O7,"O,Ti",-3.3226161668939396,0.09385985681818099,0.0,4.081721451191843,493.8244825655946
mp-1217135,Ti4O3,"O,Ti",-2.435004672619048,0.09906848714285665,0.0,5.31396603260717,74.82979348114432
mp-10734,Ti4O5,"O,Ti",-3.091059832037038,0.036609422222221966,0.0,4.9679279386167945,90.73767653519478
mp-12205,Ti4O7,"O,Ti",-3.4085186912121217,0.007957332499998415,0.0,4.329452264791249,465.5678964297086
mp-1045759,Ti5O7,"O,Ti",-3.0825180684722207,0.1550076733333352,0.0,4.20978216473716,277.1632814646329
mp-748,Ti5O9,"O,Ti",-3.4253200408333333,0.01078014607142741,0.0,4.296741965533616,296.2867131326208
mp-759920,Ti5O8,"O,Ti",-3.338724498205128,0.013142276923078455,0.0,4.459327281973952,410.3530261794498
mp-882,Ti6O,"O,Ti",-0.9049613478571418,0.011734072857143119,0.0,4.716091500709671,213.51484396580418
mp-30524,Ti6O11,"O,Ti",-3.4349705970588236,0.013827577794117474,0.0,4.280497259712451,359.3760311369506
mp-554098,Ti6O,"O,Ti",-0.9166954207142847,0.0,0.0,4.718230256392674,213.4180585057646
mp-559964,Ti6O11,"O,Ti",-3.438300099411763,0.010498075441178756,0.0,3.975412053868255,386.95564023135927
mp-779692,Ti7O8,"O,Ti",-2.9240007255555556,0.11578333866666668,0.0,4.644334259715617,165.56435271850313
mp-556724,Ti7O13,"O,Ti",-3.4410717961666677,0.01661497024999825,0.0,4.268804514056533,422.4950270949022
mp-565700,Ti8O15,"O,Ti",-3.4452669178985516,0.018989677065215815,0.0,4.26039202323855,485.58659153569164
mp-752989,Ti8O13,"O,Ti",-3.353443061984128,0.009953984761905232,0.1144999999999996,4.052726949232143,242.12323586529487
mp-1045643,Ti9O13,"O,Ti",-3.126782524772727,0.14070407727272993,0.0,4.217889358462954,251.48701079847953
mp-1217149,Ti9O10,"O,Ti",-2.7673683331578958,0.244662513157893,0.0,4.483765952018153,218.79855255583982
mp-27273,Ti9O17,"O,Ti",-3.4485271053846165,0.020783203846152176,0.0,4.257294801537243,548.2424667111559
mp-32544,Ti9O8,"O,Ti",-2.591554100882353,0.16245030558823537,0.0,5.315399511320384,349.1388524102388
mp-32813,Ti9O10,"O,Ti",-2.815676357368421,0.1963544889473674,0.0,4.805299467179201,204.15824383087164
mp-684733,Ti10O11,"O,Ti",-2.8561154989682533,0.14600348380952433,0.0,5.116204659257331,424.9611675424274
mp-753593,Ti10O13,"O,Ti",-3.1376373347101465,0.028242871739129427,0.0,4.945096219954479,230.577800619834
mp-2739250,Ti11O14,"O,Ti",-2.952311218633333,0.05859172079999908,0.0,4.946530026323161,251.9507727658965
mp-1101463,Ti11O14,"O,Ti",-3.097261361866666,0.04798493040000018,0.0,4.87578160932111,255.60662115368194
mp-759754,Ti11O14,"O,Ti",-3.098233683466666,0.047012608799999356,0.0,4.892722408856669,254.72159638279203
mp-760747,Ti11O18,"O,Ti",-3.3491297409195404,0.019436048275862206,0.0,4.410042313792113,306.69832203852724
mp-656852,Ti13O22,"O,Ti",-3.3799830548095233,0.012943973071429582,0.0,3.990344258832327,810.8539189415468
mp-760075,Ti19O30,"O,Ti",-3.3306641347619044,0.011319550408163792,0.0,4.479745398693894,515.0391610824431
mp-775808,MgO,"Mg,O",-2.906228543333335,0.13208062666666454,3.4114000000000004,2.824280823400726,142.18210234942322
mp-776911,MgO,"Mg,O",-2.8999533087500007,0.1383558612499991,3.4257,2.816647557081739,95.04494899421599
mp-1009127,MgO,"Mg,O",-2.2898712649999995,0.7484379050000003,2.2579000000000002,3.550469508633836,18.85019169623335
mp-1009129,MgO,"Mg,O",-2.7008123149999994,0.3374968550000004,3.0483000000000002,3.341014173865643,20.031950589405273
mp-1065577,MgO,"Mg,O",-2.974865565,0.06344360499999979,3.2582999999999998,3.0435418386745217,43.97970154307214
mp-1096803,MgO2,"Mg,O",-1.4851107050000003,0.5404287416666662,0.0,2.520416717598383,37.094921238955145
mp-1101930,MgO,"Mg,O",-2.90265121,0.13565795999999963,2.8821,2.237597567363396,179.46130749929435
mp-1180260,MgO2,"Mg,O",-1.487287021666667,0.5382524249999996,0.0,2.7697825056504266,33.75523509081539
mp-1180271,MgO2,"Mg,O",-1.9445164549999998,0.08102299166666693,2.3793999999999995,2.999543557448329,31.16962892453961
mp-1180312,MgO,"Mg,O",-2.9322088662500008,0.10610030374999901,3.7478999999999996,2.9218710527466407,183.24431062477163
mp-1180973,MgO,"Mg,O",-2.9785806399999997,0.05972853000000011,3.8943000000000003,3.4494504857284185,155.2178380325324
mp-1190533,MgO,"Mg,O",-2.925217040416666,0.11309212958333337,3.0171,2.36874904130844,339.050003266249
mp-1190649,MgO,"Mg,O",-2.8847003745833337,0.15360879541666606,2.7412,2.3954536282194114,335.2702639414185
mp-1191789,MgO,"Mg,O",-2.872653976666667,0.16565519333333256,3.3040000000000003,2.1417869123452475,374.97865243425775
mp-1192043,MgO,"Mg,O",-2.9462975379166667,0.09201163208333352,3.8379000000000003,2.9667371721917433,270.7096461798214
mp-1192189,MgO,"Mg,O",-2.995071584583334,0.04323758541666578,5.1964,3.596933130494756,223.28031716343904
mp-1244962,MgO,"Mg,O",-2.7090074568750007,0.329301713125,2.2024999999999997,2.8368584507580414,943.6781145213016
mp-1245039,MgO,"Mg,O",-2.7839645477500006,0.25434462224999965,1.9229000000000003,2.9362748487539134,911.7270595806997
mp-1245045,MgO,"Mg,O",-2.7226156340000003,0.3156935359999995,2.8658,2.7839277290451925,961.6202339036048
mp-1245128,MgO,"Mg,O",-2.6927556211250008,0.34555354887499945,1.9477000000000002,2.8198755446162225,949.3614847954266
mp-1245143,MgO,"Mg,O",-2.6970015583750007,0.341307611625,1.8772999999999995,2.6898132082981965,995.2665953592061
mp-1245157,MgO,"Mg,O",-2.6899893985000007,0.34831977149999993,2.0814999999999997,2.728925957220939,981.001784563416
mp-1245195,MgO,"Mg,O",-2.6935720832500003,0.3447370867499995,2.0749999999999997,2.731932076653751,979.9223256144177
mp-1245232,MgO,"Mg,O",-2.7167105923750006,0.3215985776249992,1.8876999999999997,2.7441963321044365,975.5428948927284
mp-1245393,MgO2,"Mg,O",-1.6529978791666669,0.3725415674999999,0.4126000000000003,2.719157920977974,137.53472559627068
mp-1265,MgO,"Mg,O",-3.03830917,0.0,4.4292,3.6289033870223943,18.4427700910204
mp-2589,MgO2,"Mg,O",-2.010695488333333,0.014843958333333518,3.734,3.321847885834422,112.58150624819807
mp-549706,MgO,"Mg,O",-2.9202671775000004,0.11804199249999936,3.3701,2.8349493596520814,47.2156799708005
